student_id,content_id,activity,score,time_spent,feedback,timestamp,feedback_sentiment,recent_score_delta
93,10,lecture,3.62,588,just right,1744286266,7.845204122869376e-05,-10.035424029177712
88,38,lecture,23.33,176,just right,1744281135,0.9528889579828632,-3.261271722238014
84,40,lecture,70.48,263,too easy,1744319227,-0.7816310260633248,-13.514803116531287
94,27,quiz,77.29,580,too hard,1744264144,0.0010241888635922347,-7.211734899103611
63,24,lecture,56.95,303,too easy,1744277120,0.3644887228648981,11.115207012997246
38,16,assignment,27.08,153,too hard,1744264204,-0.5086781994885581,-11.375244334835667
69,10,assignment,40.51,218,too easy,1744238834,0.9382245525392814,17.88452870625764
45,27,lecture,9.6,235,too easy,1744287438,-0.3019565423442103,-0.2831288202554525
74,7,lecture,95.32,467,too easy,1744321965,0.8647112230980067,-15.723198142609526
70,28,quiz,86.87,293,just right,1744305907,0.19471086066155063,17.722448479650346
68,26,assignment,6.56,495,too hard,1744266029,-0.9918411346523504,-1.7328693842330978
4,18,quiz,16.65,120,too hard,1744289089,-0.37777572380074464,2.278607697329747
71,13,lecture,58.11,359,just right,1744302356,-0.9569027105560803,-12.592209017099293
48,8,assignment,23.24,342,just right,1744312819,-0.2370485399075053,-6.66764048486451
97,27,assignment,93.44,89,too hard,1744293526,0.8650680629201339,8.145521416040577
9,14,quiz,75.56,395,too hard,1744245743,0.558034040724908,-15.041224179513687
90,41,lecture,27.33,413,too easy,1744289394,0.24026426160133485,2.818353973709577
47,44,assignment,0.61,337,too easy,1744312325,0.07710408786077139,7.740910648165915
85,6,quiz,79.94,303,too hard,1744316321,-0.25483615362258116,-19.926534389647262
60,20,assignment,42.41,503,too hard,1744262746,-0.5769205937385373,13.503057247446215
52,28,lecture,64.24,193,too easy,1744257212,-0.874950164372903,-17.746668163021162
86,23,lecture,28.7,221,just right,1744277147,-0.6197066665502144,-10.123192351857387
33,12,lecture,14.29,260,too hard,1744257264,-0.29695983453851094,18.541795931588673
58,24,quiz,67.53,176,too hard,1744274142,0.039982233259134636,-16.758368146216117
97,44,lecture,45.03,552,just right,1744293176,-0.5911922086642862,13.037622379858675
48,22,quiz,23.52,171,just right,1744241070,0.9486571811368154,6.079931585996601
5,26,assignment,13.76,282,just right,1744298085,-0.8462997065874189,3.9351449329998758
85,22,lecture,58.05,545,too hard,1744282729,-0.8104163927898786,3.2672976477010494
27,7,quiz,72.55,428,too hard,1744265525,0.3652047238406493,-13.341656064803914
41,15,quiz,28.39,416,too hard,1744321873,0.5101231565944684,6.752880243755719
1,48,quiz,73.51,401,too easy,1744269616,0.9449029381248766,18.065269750399906
51,30,lecture,18.31,447,just right,1744289795,0.06088844294767681,-16.91861978289021
16,4,quiz,33.84,96,just right,1744274549,-0.6681321434754366,-6.7034987606626295
99,6,lecture,74.49,414,too easy,1744273862,0.8758579095423833,-1.1099321992839926
100,48,lecture,66.01,284,too easy,1744302000,0.9604687868175634,-10.708352945235076
32,47,assignment,27.05,424,too easy,1744286107,0.8470278153616695,9.635649632717332
93,2,assignment,12.21,571,too easy,1744258797,0.7433123570095759,7.544913730036399
47,31,lecture,4.25,336,just right,1744285645,-0.8448517908314905,-15.288915278685229
23,24,assignment,83.79,121,too easy,1744320411,0.7097462315495529,2.778496306175498
15,35,quiz,7.51,311,too easy,1744307345,0.9064537980133767,-5.245080931908088
26,47,lecture,11.48,145,just right,1744317777,0.1046289556858071,-10.864721265042867
37,31,assignment,23.77,342,just right,1744300710,0.5451756279293296,13.931746005484953
89,25,quiz,44.57,12,just right,1744267736,0.32179128128288625,-17.81303977615222
55,8,lecture,78.98,171,just right,1744266492,-0.42388375370264986,-1.3043888567364021
2,12,quiz,24.75,521,too hard,1744303626,0.17503961873110407,-0.9875375013634766
76,2,lecture,54.35,86,too hard,1744252210,0.7787469035354135,2.8048958943006532
19,15,assignment,9.04,194,too hard,1744271195,-0.007229438881817263,-12.096232140239408
32,40,quiz,46.45,579,too hard,1744303482,0.18029068567310902,14.848043029788471
87,32,assignment,17.76,489,just right,1744305525,0.06292744994754385,18.612106547891393
69,11,quiz,21.12,172,too hard,1744323222,-0.4351902453915444,1.9581956801950895
55,17,quiz,36.68,30,too easy,1744269386,0.28732621691736004,-9.754985547894194
89,21,quiz,76.13,586,too easy,1744307806,0.018940072907206673,15.073057357723307
99,22,quiz,74.4,587,too easy,1744266320,-0.5349080104464992,19.52691596913121
56,33,assignment,41.5,307,too hard,1744252242,0.7907563046393047,9.675179269887092
29,29,quiz,11.87,308,too hard,1744311670,0.9000915878719153,-6.651821057610135
84,15,assignment,28.07,291,too easy,1744318072,-0.889254689436449,-10.559188273100034
36,21,quiz,50.54,481,too hard,1744298945,0.24469751360122638,-13.735238681217616
71,2,lecture,86.94,419,just right,1744308339,-0.1699086195096089,-10.602438179796128
86,42,lecture,96.83,401,too hard,1744299604,0.05190862058324841,-10.906009086808686
82,38,quiz,63.75,174,too easy,1744265949,-0.2523405484500425,18.69675470194933
53,3,lecture,35.07,91,too easy,1744240877,-0.05128303282409674,5.729535815129832
85,25,quiz,69.35,173,too hard,1744267490,-0.3531321323806955,-13.320981176210731
86,13,assignment,33.62,113,too hard,1744298977,-0.7647934442083995,-0.47834962398530934
39,24,lecture,62.55,139,too easy,1744239582,-0.39593472675130625,-12.614567349071194
76,31,quiz,24.38,129,too easy,1744300863,0.34066452733158714,4.240672045479904
11,15,quiz,26.7,268,too hard,1744315332,-0.8992369549360322,-6.343751832111231
76,6,assignment,7.52,113,too hard,1744316070,-0.23453522773218105,-12.176293157336438
90,41,assignment,42.01,373,too easy,1744306340,-0.9154016659435962,-10.2883604789344
30,10,quiz,61.82,555,too easy,1744288520,-0.2874674629217502,7.003947527010681
79,9,quiz,78.88,378,too easy,1744293137,-0.8247766169805657,-3.6785728404193705
72,50,quiz,81.03,335,too easy,1744288758,-0.3207198053054017,0.5263593327998173
53,41,quiz,99.24,194,too easy,1744245764,0.6761753893235594,12.85355594912221
82,50,quiz,8.78,403,too easy,1744318027,0.22681740307003295,6.216856105236431
74,41,quiz,49.31,353,too easy,1744296907,0.364588848586624,-1.5034575154149366
8,5,assignment,52.14,539,too hard,1744241636,0.007600255453186877,18.16227220363595
99,45,lecture,80.45,426,just right,1744260880,0.8447634027731299,-11.41979614238771
20,44,quiz,26.64,240,just right,1744255731,0.0823172764077249,-8.440320299019334
12,41,quiz,6.94,144,too hard,1744241354,-0.7914118237325591,16.457258030044805
67,19,assignment,31.38,54,just right,1744289922,0.8662061212580938,14.12900968766077
84,20,lecture,98.39,501,too hard,1744294976,-0.7338732641303864,-14.797703922949728
50,33,assignment,89.94,431,too hard,1744269138,0.9983406836261617,17.19788442181372
12,43,assignment,39.52,560,too hard,1744273910,-0.12923147636839039,-19.593251023212446
54,37,quiz,87.63,154,too hard,1744265934,-0.8530290658293607,12.896835137914707
88,31,quiz,3.28,326,just right,1744296506,0.7282042109142579,-8.847903247527963
80,39,assignment,31.42,572,too hard,1744252469,-0.8142341970070324,-12.45372011283238
54,13,quiz,72.68,302,too easy,1744293387,-0.6511353579763755,-2.051614792406113
74,38,quiz,22.15,588,too hard,1744294300,-0.16530589593113487,15.883315688158234
19,45,quiz,19.84,545,just right,1744240840,0.3523725419563144,11.435914916994392
14,6,lecture,86.18,475,just right,1744275839,-0.7577199671721684,18.682753361077516
52,47,lecture,61.6,58,just right,1744262932,0.2452503678204121,1.6399533195897256
78,8,quiz,98.9,468,just right,1744290546,0.5607727640063527,0.4223978433424378
22,43,assignment,13.47,434,too easy,1744302297,-0.7530077917070246,-19.47872033504041
4,10,lecture,35.61,77,too hard,1744301598,0.29514122398359666,-12.775696683938808
59,41,assignment,31.12,518,too easy,1744284579,0.9177517630505936,-0.09518817123263545
34,4,quiz,88.01,219,too hard,1744304828,0.9347900722850746,10.102681812858204
64,14,assignment,25.53,309,too hard,1744324557,-0.6766747924589454,12.904103120831067
18,4,assignment,35.35,133,too easy,1744274604,0.5194081731248468,-8.669346363327417
98,24,lecture,14.28,301,too easy,1744240605,0.6932648694957007,8.498289692977327
82,47,assignment,77.54,430,just right,1744294389,0.7779264761178288,13.141177618004477
31,21,assignment,23.77,59,too hard,1744324188,-0.35263716288480396,-5.00782342701207
84,10,lecture,6.83,192,too hard,1744257018,-0.4597631010679055,7.822234508352967
100,46,quiz,43.51,256,too hard,1744315975,-0.9042778696832872,-2.5087545056587466
42,25,assignment,39.15,97,too hard,1744314662,-0.2010564382407869,19.426089894886445
74,6,quiz,17.76,559,too hard,1744294125,-0.7520871021912985,-19.73329819394919
3,16,quiz,13.36,570,too hard,1744315235,0.5725146303375939,-3.426198414422444
85,44,quiz,89.66,81,just right,1744283635,-0.7140668562628769,-9.451343884816946
100,28,lecture,6.78,565,too hard,1744322594,0.6378106996724564,13.989462128864666
55,36,quiz,9.93,300,just right,1744276590,-0.7847728770505782,-8.514966675081098
10,33,assignment,24.5,513,too hard,1744254705,-0.03876904147773552,1.7538189431219209
71,30,quiz,95.28,322,too hard,1744285699,-0.2307314839536705,9.610777927890439
22,36,quiz,8.54,297,too easy,1744256512,0.20308756923519589,-0.11078904134814493
23,25,quiz,81.6,517,too hard,1744314132,0.037543713290305814,-3.583898012569108
76,13,assignment,89.21,80,too easy,1744308007,0.19725305231019497,-18.299279801747556
13,39,quiz,37.79,170,too easy,1744294862,-0.998072629591872,-19.08271324981273
40,15,quiz,29.39,136,too easy,1744290298,-0.7449927653605044,18.292887802281555
13,38,quiz,67.74,465,just right,1744251304,0.034240369502853474,5.729762300008726
97,30,lecture,70.26,538,too easy,1744294325,-0.5406677926267176,13.010151932370782
95,14,assignment,78.0,313,too easy,1744295828,-0.8473656906500424,-0.7824647110062557
51,50,lecture,83.06,499,too easy,1744251879,-0.5645978306244099,-9.53676015316205
64,4,assignment,26.84,248,too hard,1744307150,0.5597191163623074,-8.218488809604004
92,1,quiz,68.7,185,just right,1744323859,0.08338818606994547,-18.26033525976293
83,3,assignment,13.49,219,just right,1744313400,-0.6198462316867823,11.635340653141938
85,45,assignment,51.07,578,just right,1744262739,-0.9680432559478018,3.262831227935422
96,50,assignment,61.29,368,just right,1744260035,-0.28480881272064873,-0.7679289244628684
90,36,assignment,16.17,198,too hard,1744243732,-0.285060816395164,14.091881786715426
13,4,lecture,7.65,518,too easy,1744259503,0.4702504172878199,-2.2061988949166924
29,43,assignment,19.47,565,too hard,1744311409,0.8388723628522561,17.917205993373514
71,14,lecture,42.06,42,just right,1744318446,-0.25597188206333055,-19.470538824701574
47,25,lecture,88.78,510,too hard,1744269641,0.3762653619864722,19.384654446487993
26,39,quiz,53.19,321,too hard,1744324324,0.2698110751671141,12.635341297892268
70,3,assignment,74.85,549,just right,1744315819,-0.15583943113090948,-5.802431912968661
96,7,quiz,17.41,160,too easy,1744298989,-0.8682198390161657,3.814542404743282
100,8,assignment,10.6,584,too hard,1744297886,-0.05307099779126356,14.584200486210129
23,44,lecture,23.96,528,just right,1744250495,-0.29172288874603325,-0.7360658767809767
75,7,lecture,31.39,120,too hard,1744279454,0.1003887717013765,-17.95801152047382
56,48,lecture,54.81,141,too hard,1744268139,-0.7492058430651416,16.14784328835571
85,25,assignment,88.12,529,too hard,1744298865,0.4484796059308471,0.6806498751022261
19,17,assignment,42.61,314,too easy,1744281508,0.5755008677173541,1.8062896480616502
98,26,assignment,51.88,38,too hard,1744308935,-0.22307671691383413,-19.45127293205239
50,4,assignment,0.46,360,too hard,1744301467,-0.6494482782042792,-15.997357202259948
35,49,assignment,3.33,527,too easy,1744273356,0.24715602250531088,11.095913821280842
49,18,quiz,8.38,501,too hard,1744319817,0.9116239351477806,-2.602026053008739
95,4,assignment,69.9,417,too hard,1744308935,0.4010063388594096,19.92233251511857
46,17,quiz,48.62,517,too easy,1744260400,-0.7530355320607702,7.827107028532186
93,47,assignment,19.3,114,just right,1744304381,-0.20555980366443727,17.98404577563663
70,17,assignment,59.26,561,too hard,1744299315,0.8307376945796157,-8.825914889189232
100,45,assignment,54.46,329,just right,1744278687,0.2688452353121802,-12.953857397921382
53,25,assignment,8.88,55,just right,1744250370,-0.7056956076636984,-4.93642298077852
31,3,lecture,64.04,250,just right,1744312808,0.4491843997225724,-9.409258179804777
96,12,lecture,76.72,279,too easy,1744288710,-0.29296242199992695,4.534627221616251
84,27,quiz,28.66,46,too easy,1744266486,-0.020931215687693516,9.777681848422567
22,17,quiz,68.75,214,too hard,1744283981,-0.16990687846282504,-3.9160994823066915
67,22,assignment,19.97,495,just right,1744261855,0.4513932075096392,-16.4061589266672
8,39,assignment,75.67,119,too easy,1744308900,-0.5641877348469371,-18.9467215414413
19,39,assignment,91.18,495,too easy,1744290936,-0.2232604404877816,-11.278891724205664
31,43,assignment,44.19,327,just right,1744267580,0.48909143692360457,9.299497436215969
32,48,lecture,24.46,85,too easy,1744252342,0.40956558735934956,-11.137903467807435
79,36,quiz,39.92,507,just right,1744281765,-0.5965114464949592,16.438970487667532
55,16,quiz,25.01,488,too easy,1744248901,-0.2986721214741801,6.065740371584901
31,37,quiz,0.12,398,just right,1744300538,-0.9712719504119784,14.483585486644593
67,29,lecture,65.05,597,too easy,1744261181,0.06034503967332183,-4.567411007659832
51,14,assignment,4.25,373,too easy,1744277953,-0.4381171955856227,19.341994500922077
96,7,lecture,21.04,318,too easy,1744251914,-0.9762681666174531,7.179936436212948
74,41,lecture,72.24,72,too easy,1744266016,-0.15058998701578297,-5.7216049797442725
92,28,quiz,66.57,276,just right,1744304192,0.853739423356497,-11.498434686402742
27,13,lecture,7.33,42,too hard,1744279190,0.8468023313242474,14.661253252358868
48,16,quiz,66.01,49,too hard,1744288536,-0.25579429269851794,-7.276068964983352
43,21,lecture,93.06,269,too easy,1744294178,-0.10164423686220214,-18.225430297869593
95,4,quiz,7.45,276,too hard,1744314155,-0.5146370730538006,-8.853651490350805
51,39,quiz,41.57,234,too easy,1744297237,-0.8633844445518126,-12.821945201501347
98,35,assignment,72.94,392,too hard,1744276290,0.387853365574504,-7.210751360960437
69,15,quiz,66.77,507,too easy,1744306663,0.6001054136328625,4.530647184969894
75,26,lecture,22.65,14,too hard,1744249939,0.7602092827206526,0.017275497549988472
71,46,quiz,16.31,455,too hard,1744312030,0.8705745822659454,8.434015293692255
72,7,lecture,78.42,297,too easy,1744277710,0.8319267318085317,-6.646714454529681
81,18,quiz,95.62,67,too hard,1744290780,-0.9452331517647976,-15.207663208401483
50,25,assignment,76.76,81,too easy,1744319270,0.9561898165592961,-13.589289162612381
61,37,assignment,96.32,550,too hard,1744247390,-0.24099595677389618,11.89131059058489
41,21,lecture,60.5,91,just right,1744313987,0.7722153696795899,-16.0803736927774
51,8,quiz,92.91,286,just right,1744271424,-0.11847959949571885,11.925048707457595
78,20,lecture,69.04,531,just right,1744319200,-0.1556189779500161,-11.494825980760787
24,18,assignment,90.89,583,too easy,1744277482,-0.9776187720876595,7.136184721062776
30,19,lecture,16.16,145,too easy,1744264106,-0.8951171052004363,4.923851549277064
52,3,lecture,81.56,123,too easy,1744280436,0.34255813008027536,-16.06958252958235
50,38,quiz,19.67,166,just right,1744264526,0.8752812148530111,6.634540083353755
57,18,assignment,2.74,405,too hard,1744262284,-0.5511994666136182,-2.0997003170074002
62,27,assignment,51.76,238,too easy,1744319463,-0.8121619412274002,8.286477451245226
79,15,quiz,31.83,264,just right,1744282380,-0.5722859340302613,13.418954743091888
53,46,quiz,4.35,188,too easy,1744249824,-0.5753603068703343,-18.420025231786077
68,21,quiz,98.03,238,too easy,1744249382,-0.41372879296473464,5.9185132751375455
77,22,assignment,66.65,376,too hard,1744303771,-0.8105130649106878,-15.801686895848759
69,8,assignment,90.18,40,too easy,1744261149,-0.5289465760567578,-4.844977024126727
31,11,quiz,99.91,117,too easy,1744267821,0.8425496686657261,-19.492859758907922
76,43,lecture,39.2,291,too hard,1744256430,0.7804384748987414,-6.854247544796191
30,12,assignment,25.47,399,too easy,1744248836,-0.3673913185581732,-13.225806028417658
10,48,quiz,18.39,550,too easy,1744266832,0.9937869157102586,2.25057179386814
94,39,quiz,51.52,538,too hard,1744290676,-0.40329378503688074,0.4908594454014583
90,27,lecture,60.61,413,too easy,1744320743,0.4436596381566993,11.730976812151354
44,35,quiz,47.24,179,too easy,1744249743,0.2880176441078184,5.598452539899974
6,2,lecture,38.73,184,just right,1744282903,-0.8708917091065425,8.58503533682584
27,35,lecture,16.83,83,too hard,1744268840,-0.31540630799060443,-16.30079689795144
20,31,assignment,44.19,463,just right,1744252690,0.9029992355875427,-18.8894069165188
92,8,quiz,8.52,518,too hard,1744296399,-0.89826613344109,18.78166158600429
20,20,assignment,86.5,249,too easy,1744254631,-0.6502313500683479,-2.918703659663123
12,8,assignment,4.69,105,just right,1744272668,0.9418915517414395,-4.201025252823531
85,4,assignment,38.06,523,just right,1744253248,-0.9204144803012495,-18.59950357099365
94,31,quiz,10.01,211,just right,1744312539,-0.10678530333106595,-15.243567752932705
49,32,quiz,77.5,46,just right,1744278876,0.8367020779267096,17.61895710243705
52,13,quiz,31.27,100,too hard,1744321088,0.8873575770859785,7.793802638680663
10,22,assignment,11.31,242,too easy,1744297537,0.9586417831601963,-3.6315180171060177
5,26,lecture,53.15,262,too easy,1744287824,-0.03735747694192115,16.179365309131327
64,17,assignment,91.63,380,just right,1744280861,-0.8270400243370677,3.5957137540721327
58,29,lecture,90.86,453,too easy,1744274505,0.5454065632744658,9.858721943419475
8,27,quiz,24.97,450,too easy,1744240643,0.41796694419451264,-2.736017436426433
30,22,quiz,71.97,73,too hard,1744265716,0.15922678953960556,-2.7388773506605872
17,18,assignment,3.03,14,too easy,1744271365,0.7764717432571069,-17.26598000865858
67,5,lecture,13.19,81,too easy,1744261201,0.8231401779735612,9.358930766786273
21,12,quiz,49.95,406,too easy,1744316482,0.36648854650715945,-16.03530386158354
16,2,quiz,22.88,339,too easy,1744247176,-0.7758001055877435,10.570695529105556
96,42,assignment,79.83,557,just right,1744252065,-0.8089496541727603,-12.365676484709493
27,7,assignment,93.11,156,too hard,1744296665,-0.18274049570746986,-10.105309932846126
6,47,assignment,0.43,424,too hard,1744324444,-0.4145988029106906,16.7155902241989
42,26,lecture,23.29,358,too hard,1744292085,-0.7340336311503601,-1.1372934207423029
16,39,lecture,43.96,374,too easy,1744277933,0.22238164238480085,-14.990298951807915
45,15,quiz,56.31,425,just right,1744281749,0.3670596079270727,16.203261980783466
3,48,assignment,91.59,516,too hard,1744270183,0.39593652648991706,-1.9041192311540378
40,33,quiz,89.19,532,just right,1744307822,-0.6494454824585694,-14.777946854181593
20,47,lecture,63.72,259,too hard,1744315818,-0.3883123857706805,-4.36708113870762
7,3,quiz,25.74,258,just right,1744285950,-0.601894192870603,3.573170122265207
59,42,quiz,78.33,360,too easy,1744289559,0.20266846235596203,-5.506318831465201
11,48,assignment,20.27,278,too easy,1744252230,0.134162870683753,16.973062326445387
93,2,quiz,96.52,457,too hard,1744268043,0.006626874189816556,-9.212647051489933
52,17,assignment,0.58,92,too hard,1744290181,-0.4078868828986375,-12.96698337804916
3,1,quiz,56.98,550,too hard,1744295867,-0.5258941464057363,-11.161953134497825
21,36,quiz,8.84,416,too easy,1744262864,0.7808156645121436,-16.650002136020113
53,43,lecture,40.76,348,too easy,1744286564,-0.9022920868142443,-1.9081546336467667
96,17,lecture,63.49,89,too hard,1744258318,0.3127967577769315,15.13335711898769
30,2,quiz,68.96,104,too hard,1744285847,-0.9608460379394428,-7.786415780850939
11,33,quiz,78.56,268,too easy,1744298317,-0.612323744647397,-9.66649526022029
81,29,assignment,59.33,131,too hard,1744280563,-0.42103306227410076,13.495386569898663
25,6,lecture,25.13,133,too hard,1744276487,0.7729719385224845,-7.76020578276276
50,43,lecture,88.93,544,too hard,1744281536,-0.7245301328546587,-0.9243208177991171
89,36,quiz,81.11,298,too easy,1744287428,0.8756131108294567,-18.750476121278922
9,24,assignment,16.01,471,too easy,1744289802,0.6309126084711949,-8.517130057845002
45,11,lecture,82.65,101,just right,1744273651,0.35809284823358345,-14.777601197607012
29,5,quiz,97.26,33,just right,1744244027,-0.17650770759846157,-15.766155521099844
62,30,quiz,63.72,116,just right,1744262229,0.8105137542462244,-2.7433040272152525
15,10,quiz,28.18,61,just right,1744288683,0.055910059617701346,-8.906704403517885
19,37,quiz,60.66,303,too hard,1744241246,-0.25758494412038524,-13.342129436003143
15,27,quiz,34.25,309,too easy,1744282368,0.17124798012921638,0.4594108108113488
39,27,lecture,67.59,354,too easy,1744311387,-0.5354647012527267,11.361759317781935
35,24,lecture,54.48,391,just right,1744257671,-0.45424364556195584,9.394365998184668
13,3,assignment,92.95,577,too hard,1744295245,0.8386290160228185,-9.969482704695402
16,38,quiz,61.79,203,too easy,1744278254,0.5878536830558696,-9.474614126437109
67,26,assignment,21.4,566,too easy,1744258861,0.027001458342224005,9.276072570344255
95,45,quiz,72.51,445,too hard,1744283552,-0.166865217536454,2.2867410614261594
55,48,quiz,30.09,394,too hard,1744242305,0.6151398780164488,9.69665978507161
65,39,quiz,27.24,381,just right,1744275305,0.14127266671798644,-19.9453854064419
35,18,assignment,39.18,329,just right,1744285670,-0.1699325328879775,-16.514475205521315
16,3,quiz,1.2,248,too hard,1744307769,0.03089758399145448,12.078802585016618
1,38,assignment,96.91,401,too easy,1744256958,-0.5345815122740283,14.044751631035453
50,42,lecture,53.23,294,too hard,1744244597,-0.5960602345922998,-6.2623928703286005
14,48,quiz,77.35,22,too hard,1744274515,0.9781815580318456,18.33339435829125
62,25,assignment,25.79,394,too easy,1744321232,0.9391836423061004,-7.937222695141788
7,13,lecture,74.66,550,too easy,1744300628,-0.15834578198601434,15.611329607418817
23,25,quiz,56.72,302,just right,1744305287,0.030523063639593007,-3.131636603742386
99,24,lecture,42.41,266,too hard,1744308929,0.6543882755642976,2.472346336742355
63,41,quiz,97.07,117,just right,1744269787,0.4516713101669927,5.730890773263539
29,16,assignment,49.38,590,too hard,1744301064,-0.8009015330009228,-14.675668891733963
22,43,quiz,65.75,192,too hard,1744291503,-0.250777891437588,-18.515543921598304
80,41,quiz,1.53,376,too easy,1744246019,-0.49969751353712266,-2.927988502393461
93,42,assignment,30.15,543,too hard,1744304964,0.9852603833589724,-13.58573906306721
6,11,assignment,88.87,532,too hard,1744262896,0.49740317686417557,1.9573526591346813
82,21,assignment,75.9,294,too easy,1744323956,-0.9044695817004731,-1.8543220168295171
29,31,quiz,53.68,268,too easy,1744303563,0.8000759331982727,-15.116095083940415
89,15,lecture,90.02,182,too easy,1744253825,0.8559167595979442,6.63140187780083
2,45,assignment,48.62,339,too hard,1744278456,-0.3334620474266101,-19.180208451180647
64,49,lecture,56.65,461,too easy,1744249882,0.28395552378275624,-14.944667733180612
96,36,assignment,38.22,480,too hard,1744294693,0.3640779846766482,8.006568833786943
36,43,assignment,62.0,90,just right,1744314974,0.4590952431878035,1.114216791458169
96,1,quiz,31.9,330,too easy,1744300806,0.38701454616838293,-8.72268128716286
20,28,assignment,38.55,450,just right,1744317119,0.11943601680987781,-12.790154773445256
55,33,lecture,96.63,408,just right,1744261327,0.9076878211157913,5.691349209022661
37,3,quiz,11.13,197,too easy,1744274844,0.0247483442553591,-11.77613340012475
97,15,assignment,10.53,447,too easy,1744307263,-0.7781735435464061,19.384443189862488
52,33,lecture,4.33,457,too hard,1744246556,-0.8391490336536744,14.772448833687754
69,32,quiz,32.0,479,too easy,1744315426,-0.9632467615423221,-14.713682007296889
70,23,lecture,39.82,549,just right,1744251017,-0.14415322627146177,14.366102517755266
22,26,quiz,9.45,470,just right,1744242737,-0.45352746983583336,-6.198288731680339
85,48,quiz,54.91,524,just right,1744292802,0.7904378306933879,-0.4007271915303967
83,17,quiz,58.33,246,too hard,1744249431,0.7342957172670446,-14.287028193905321
15,9,assignment,75.1,190,too hard,1744314238,0.6756850043187905,-15.257110347794725
98,5,quiz,97.6,419,too easy,1744249195,0.7345562347987462,14.619718642491335
47,29,assignment,61.94,525,too easy,1744306455,-0.40478864107118295,5.19608964134795
71,6,assignment,11.17,81,too easy,1744263886,-0.1477649115406452,-1.5815595993288198
81,47,assignment,8.85,191,just right,1744251978,-0.3765238814483356,-18.55344574506018
69,41,assignment,77.75,113,just right,1744288362,-0.8278378937542976,16.878479489713563
52,35,quiz,65.03,281,just right,1744251961,0.8480925870365335,-4.956470914694835
39,21,assignment,16.19,296,too easy,1744301291,0.23185253148326912,-3.33403317611538
2,45,lecture,25.34,96,too easy,1744251330,-0.7348952001250204,-8.407618824351877
91,45,lecture,75.02,395,just right,1744285462,-0.5878820866923431,15.651600795763272
45,23,quiz,56.62,82,too easy,1744309718,-0.09849474496389998,-6.21660925128575
24,35,assignment,58.5,319,too hard,1744258473,-0.8962118441022062,-13.030027685647472
61,46,lecture,21.0,452,too easy,1744313601,-0.45601643754394305,0.022287796977789043
92,2,lecture,62.91,245,just right,1744318122,0.40689277534241364,11.259706372244782
65,42,assignment,77.06,594,too easy,1744253297,0.8408129640595448,-5.146460946208471
53,9,assignment,88.53,239,too hard,1744313128,0.8574628315027055,6.081845715054946
21,13,quiz,73.67,263,just right,1744264537,0.04005816690179942,-7.831027875708569
92,43,lecture,57.64,364,too easy,1744240204,-0.375689490311758,8.79049239879786
67,34,quiz,67.33,504,too easy,1744240720,0.8414913102480737,6.748954943336777
94,16,lecture,48.51,419,too easy,1744300187,0.573269812402529,7.230192056904393
1,5,assignment,22.69,208,too easy,1744274490,0.17422383180852585,5.836305703761006
59,1,lecture,88.22,438,too hard,1744303184,0.6691058028959425,-13.747506672364068
47,40,lecture,53.26,484,too easy,1744269017,-0.08233926230484379,15.519639386996339
18,22,lecture,59.43,597,too easy,1744321407,-0.7756103305967459,3.4301093202482704
33,48,assignment,99.01,351,just right,1744296790,0.8764762391401073,-4.704517599145168
15,46,assignment,98.5,483,too hard,1744309398,0.06801415407065936,-13.106588065901876
24,26,lecture,58.63,406,just right,1744303298,0.3905811046289063,11.343243999583382
36,34,lecture,3.4,435,too hard,1744246634,-0.21541541423641353,0.36193173704086945
60,50,assignment,39.61,54,too easy,1744308463,-0.7285169553150612,-14.108276757330035
34,21,assignment,93.73,352,too hard,1744318330,-0.4562364101019525,16.856834229276473
90,7,assignment,28.83,26,just right,1744287299,-0.9126547408679846,-15.756702767862114
51,25,lecture,99.93,228,too easy,1744280323,-0.8248407961830937,0.9688478175641215
40,12,quiz,8.43,200,just right,1744251819,-0.5901617753435633,4.423255871607914
22,31,quiz,56.81,400,just right,1744281855,0.12202226205150146,19.95938380588693
16,47,assignment,51.54,448,too hard,1744249265,0.9857694739593992,-14.363371609499733
42,27,quiz,25.54,506,too easy,1744252699,0.6874466183008991,4.542407890345707
16,22,lecture,94.86,103,just right,1744315120,-0.8282658938139162,-0.9313682208256964
5,34,quiz,61.92,104,just right,1744285920,0.6846873433249734,-9.715416624950631
6,17,quiz,23.02,91,too hard,1744283717,0.07262261629248012,17.688406794222587
42,11,quiz,38.4,349,just right,1744278308,0.3206469348266232,11.633747322472097
88,29,assignment,72.12,369,too easy,1744264094,-0.7404685598086724,11.082311436916406
30,34,lecture,29.77,121,too easy,1744266832,-0.20911954578734693,15.967441812885959
32,37,assignment,87.96,312,too hard,1744314272,0.7682434297419776,9.001762503078822
53,49,quiz,16.57,60,just right,1744284733,-0.14926874191305473,0.2695784386551239
19,48,assignment,26.45,290,too hard,1744278004,-0.7457730448153586,-4.3385397992018895
51,26,lecture,14.49,122,too hard,1744286856,-0.3778494288013612,8.165341078537445
28,45,lecture,10.42,45,just right,1744267597,-0.5569605592641766,4.11247211007101
47,45,lecture,30.03,87,too easy,1744248439,0.37379408018928895,1.7150590674782897
72,45,lecture,99.92,549,too hard,1744304022,0.82205552876882,3.5622860098154305
1,32,quiz,9.43,54,too easy,1744273870,0.46697991606781475,6.213903704777092
68,37,quiz,21.3,313,too easy,1744263689,0.6872399689851314,18.7481677076823
57,5,quiz,27.16,401,just right,1744258985,0.6116353254997804,10.126322463807618
22,20,quiz,61.91,24,just right,1744317930,-0.9707913938420909,-12.942692465292861
86,7,quiz,74.53,176,too easy,1744297481,-0.7512595966120128,-1.3292488853734312
94,43,assignment,75.19,72,too easy,1744294265,-0.15324182753376125,7.129667037298031
58,23,lecture,0.86,580,too easy,1744303178,-0.7758206708318445,-12.973842634786132
91,1,quiz,65.19,212,too hard,1744323347,0.4698695303828353,17.308262605776903
91,39,lecture,63.07,166,too easy,1744275659,-0.8596251369417756,-16.918988219282888
13,3,lecture,51.77,524,too hard,1744316290,-0.1675162459555919,4.439328365036825
39,45,quiz,37.92,560,just right,1744279182,-0.21542157877334267,19.03741387399578
27,3,quiz,79.74,287,just right,1744285915,0.08689131300744868,9.114731730689137
39,6,lecture,34.39,110,too easy,1744241999,0.2587548775545776,7.090326972637328
72,31,lecture,23.0,178,just right,1744283983,0.8939127405477254,19.89681616804333
12,27,lecture,31.01,541,too easy,1744256729,-0.4576304020301416,11.671897122146063
24,29,assignment,43.96,412,too hard,1744324580,0.33196897723707264,18.81173727783859
18,15,assignment,21.41,150,too easy,1744286709,-0.9298304205511359,7.955689051657565
15,36,lecture,60.76,356,just right,1744282219,-0.9979859972257425,6.618350970699733
60,5,assignment,88.42,202,too easy,1744251581,-0.9492835778462945,10.502699113004816
16,3,lecture,59.55,161,just right,1744292177,-0.10217649269217466,-12.449839870025162
97,25,lecture,44.67,395,too hard,1744302619,0.11002630293666149,12.231399680736715
74,32,quiz,79.69,217,just right,1744287369,-0.9875767068765933,18.8056131559414
47,21,lecture,74.8,558,just right,1744262849,-0.20717691911404557,4.4657309902521725
24,48,quiz,36.71,397,just right,1744244680,-0.9182866248729409,-19.505786280260434
45,17,quiz,60.42,87,just right,1744314699,0.30656786646431367,-17.116304326204297
19,9,lecture,72.98,181,just right,1744264823,0.2624640633278965,-10.611711105581838
91,26,assignment,24.55,566,just right,1744257068,0.5683679762336997,-0.3560934718277764
41,22,lecture,36.63,346,too easy,1744264692,0.09252173720259815,-3.449767072085489
31,41,lecture,10.58,440,too hard,1744278583,0.24589965662282776,19.16848002156342
85,46,assignment,98.77,498,too easy,1744309956,-0.4411614136648925,17.82350620471228
16,23,quiz,8.59,115,too hard,1744260822,-0.8290923636859937,-4.291100414403495
23,11,assignment,16.86,218,too easy,1744295044,0.4746123239525575,11.77265917107352
78,10,lecture,47.98,357,too hard,1744295371,0.22372666674510167,5.454533949355252
23,23,lecture,86.53,361,too hard,1744291615,0.8766636626975688,-10.274572831504315
41,5,assignment,35.59,57,too easy,1744249938,0.9784516833544965,17.247090236386505
18,26,assignment,76.86,255,too easy,1744285369,0.6945680972826072,-9.619297216789843
36,4,assignment,67.6,40,too hard,1744252690,0.971243719183545,14.813735815124616
12,43,quiz,63.87,484,just right,1744279560,0.29489259339590657,5.5056291988666
75,27,assignment,84.5,486,too hard,1744266161,-0.8161016770972702,4.845084362333473
69,38,lecture,1.42,266,just right,1744294205,-0.8203349216687241,13.536399710640396
51,34,assignment,92.92,135,too hard,1744317357,0.6142395483716256,-0.22759179061707968
85,3,lecture,82.92,228,just right,1744309737,-0.5262791282096417,14.13495797878516
32,50,quiz,93.79,254,too easy,1744299448,-0.878023585602103,2.0091384556713443
93,32,quiz,79.36,489,too easy,1744238611,-0.055450790530188865,19.385914462238397
71,26,assignment,87.86,452,just right,1744271364,-0.3707082884941775,6.397202162916219
36,18,lecture,20.31,510,just right,1744318399,0.1762982968493716,-5.037577003233032
40,7,quiz,31.92,236,just right,1744307367,0.2003020684931225,10.534559093156226
91,45,assignment,31.52,264,just right,1744277146,0.3630020023581664,0.395891998437218
70,13,quiz,10.92,79,too easy,1744298532,0.1528846468116234,12.240999937024874
38,6,assignment,72.96,464,too hard,1744246072,-0.23816390597353454,13.338506674411327
54,35,lecture,13.62,587,too easy,1744267172,-0.9526666013068024,4.676527652116079
4,31,assignment,5.25,11,too hard,1744264218,0.8101769362470843,14.887537052439548
46,42,lecture,77.54,504,too easy,1744319164,-0.3461565403597173,-3.8629190380445912
63,37,quiz,90.47,334,just right,1744285258,0.014301150021713616,-17.704919545844604
99,43,lecture,76.41,412,too easy,1744280972,0.11387517133455982,6.505927018328247
74,4,lecture,82.54,138,too easy,1744311390,-0.3702941305212344,10.578072249186764
50,42,quiz,59.56,492,just right,1744259237,-0.3830380872096417,-17.08793944442477
30,4,lecture,88.77,155,just right,1744252391,-0.4782769536179987,10.836389675208707
73,45,lecture,49.67,105,too easy,1744270047,-0.5132933112214944,5.566467781756927
16,8,assignment,98.83,510,too easy,1744316026,-0.9392085404830539,-15.343550168642327
52,38,lecture,10.34,465,too hard,1744286266,0.9158292033392337,1.5976053450402858
4,11,assignment,80.92,413,too hard,1744239489,0.19059211755643402,-15.65031582373897
26,2,lecture,64.14,17,too easy,1744254833,-0.7838659817670743,-7.135250010907953
29,18,quiz,58.06,229,too hard,1744270016,0.18391684134767394,12.159397049620914
92,18,lecture,72.58,111,just right,1744324596,-0.5355048100979418,-15.968438732274048
11,22,lecture,84.03,11,too easy,1744253303,-0.3786358974360666,-1.6244875558383107
92,12,lecture,86.29,499,too easy,1744258099,0.6023363767845489,4.228520083315747
96,17,assignment,17.54,209,too hard,1744305693,0.7716040376432258,17.620457916109785
24,17,quiz,19.7,35,too easy,1744258716,0.39964778613100305,9.490619122716964
51,36,quiz,1.62,359,too easy,1744307064,0.8651629645268835,-14.430113053031768
42,29,lecture,13.18,111,just right,1744291305,0.8100541277221278,18.754741321574905
39,49,lecture,26.39,340,too easy,1744314199,0.10234023961503214,-0.8816943523906708
7,16,assignment,72.1,381,too hard,1744246994,0.8156933187794004,-5.211304457249941
18,41,quiz,47.58,206,just right,1744274600,0.08999590236136834,-14.85155172498764
3,11,lecture,75.79,519,too hard,1744270515,-0.7914520017853162,17.33929033124194
63,44,lecture,48.65,39,too easy,1744306522,0.6589105586326873,3.448237413580344
20,43,quiz,55.56,308,too hard,1744320035,-0.7375950709444801,19.519501024230614
98,45,lecture,11.11,142,too hard,1744270948,-0.368079732313507,-13.045364988504375
94,22,lecture,77.66,541,just right,1744306348,-0.24041440753145804,1.8334231407131298
73,30,quiz,75.81,317,too easy,1744288253,0.6145718803247424,-15.604552092671856
74,8,assignment,30.76,30,just right,1744274556,-0.832926650654356,0.9710330730883321
70,46,lecture,32.86,50,too easy,1744287626,-0.1101170706538459,15.59167295569177
17,18,lecture,21.97,507,just right,1744255129,-0.12656837787246822,-15.627165920533951
79,46,quiz,81.38,481,too easy,1744274073,0.1643204790299886,-9.214047702314332
97,16,quiz,74.7,317,just right,1744295577,-0.2922624365475841,7.2960764882612175
59,47,assignment,60.91,468,too easy,1744286567,0.1543249963306328,-16.9485185567991
54,20,assignment,23.88,523,just right,1744240817,0.9717885598040508,-1.8406030210193727
13,39,lecture,17.19,512,too hard,1744271147,-0.8569016292017679,-6.677534892094172
42,8,assignment,5.03,53,just right,1744246587,0.7492569134321807,13.525927750561436
44,30,assignment,4.56,50,too hard,1744267331,-0.3827411238584173,-18.03696027535182
86,38,assignment,18.71,272,just right,1744293146,-0.06856712754284988,14.5358187097508
80,29,lecture,10.05,303,too hard,1744265727,0.4822349661646239,8.145281447773431
98,13,assignment,55.61,18,too easy,1744248582,0.8200729268945495,-8.11237888962646
67,17,assignment,35.81,62,too hard,1744310091,-0.9818490329268605,-12.089258620260246
72,40,assignment,44.49,137,too easy,1744318546,0.3243845485670409,18.00705351621506
20,43,quiz,59.41,540,too hard,1744322890,-0.8608953207208441,2.1563193323444807
47,17,assignment,65.91,534,too easy,1744305718,0.051357038342163985,-6.208895057266544
24,9,assignment,64.82,149,too hard,1744274071,0.4995201766330517,-18.221259779235442
51,2,quiz,26.09,241,just right,1744252019,-0.66093171736973,-13.36862998044721
18,42,quiz,80.96,577,too easy,1744319501,0.5275699526562327,3.926600602500244
23,24,lecture,91.77,97,too easy,1744293494,-0.380924280378087,0.5243838741755837
1,21,lecture,31.59,573,too hard,1744322793,0.22110226189535465,10.304404662381877
66,46,quiz,1.71,210,just right,1744277566,0.3160820774147526,13.393502921549285
5,2,lecture,89.92,397,too easy,1744275987,0.29796145439637156,-4.113007893920745
18,5,assignment,92.35,370,too easy,1744303070,-0.9629104074437198,-15.96280336694285
80,17,lecture,5.09,141,just right,1744245419,-0.6954519845046423,11.661190402858374
74,24,assignment,0.5,186,just right,1744267247,0.7124053807144057,2.149604013185723
93,8,assignment,81.64,61,just right,1744267066,0.8796845451900845,19.191675537558652
35,30,assignment,30.15,555,too easy,1744253108,0.1273357775569044,11.853996648511384
25,50,quiz,91.46,31,too hard,1744245504,0.19394272384278044,-6.837091135555893
24,22,lecture,21.67,328,too hard,1744290358,0.5100611801184955,-2.860394573950302
13,24,lecture,86.12,177,too easy,1744282453,-0.18778942735492765,-10.576961061678901
21,26,quiz,6.86,47,too easy,1744277910,-0.3439673110217052,0.47993988143327115
39,8,quiz,26.06,576,too easy,1744269651,0.5364033312798604,8.428998400252716
34,12,lecture,97.31,382,too easy,1744314674,-0.9434286860701713,4.499550390509892
19,14,quiz,23.12,587,just right,1744272874,0.7706925762492942,-6.316661490650626
28,30,quiz,13.3,436,too easy,1744286485,-0.11819495041437267,12.931996309029756
91,35,assignment,85.71,175,too easy,1744272073,0.008457229830762136,-15.797649732000071
90,31,assignment,11.78,511,too easy,1744304601,0.26855631532814095,-14.297812280073492
11,28,assignment,9.75,84,just right,1744289232,-0.45122850333817843,-3.833617329069831
49,46,quiz,32.34,449,just right,1744269394,0.19477498289941564,8.08973254765652
35,27,quiz,63.53,274,just right,1744266145,0.3860778937000162,7.767427123890592
84,36,assignment,71.07,415,too easy,1744243466,-0.7641371001281103,-5.339062291345687
76,1,assignment,88.12,252,just right,1744311052,0.040941561176969454,7.864316177967481
57,41,lecture,54.09,552,too easy,1744295984,-0.34115972771713055,-17.576568989890767
28,14,assignment,39.34,286,too easy,1744277649,0.1147154513413029,-8.399122007005584
66,10,assignment,35.88,559,too hard,1744290829,-0.957411425006226,7.750932530964484
65,50,lecture,84.69,317,just right,1744272274,0.48536071242233625,-12.63834395832411
73,42,lecture,72.38,412,too hard,1744306456,-0.6631909909065714,-11.491518855661734
22,7,lecture,90.54,439,too hard,1744274697,0.37877389530968464,-16.524695242607358
51,40,lecture,96.4,85,just right,1744299980,0.5376298243055062,-5.421159354264091
91,14,quiz,30.01,348,just right,1744302556,0.505223984887643,12.997089623726929
9,36,lecture,52.97,459,too hard,1744276685,0.6350041891675275,13.454364952908755
71,27,lecture,63.18,88,too easy,1744274251,-0.38450969763703124,14.494501312033378
36,11,quiz,16.38,47,too hard,1744313808,0.9342263306705847,-18.53183882044474
54,42,lecture,5.33,327,just right,1744299020,-0.9523636497318628,19.739548235464156
38,49,lecture,86.78,337,too easy,1744245573,-0.03759980777022465,0.10564955818667698
66,37,lecture,53.55,439,too hard,1744280656,-0.4594301233154088,14.909081213269417
43,42,quiz,57.08,172,too hard,1744302594,0.4797608996937488,16.204585388289196
5,10,assignment,55.49,367,too hard,1744262514,0.6104465708157378,0.5799295959771626
81,7,lecture,75.5,338,just right,1744295959,0.644785055035654,-17.956409959365793
37,17,lecture,14.55,423,too hard,1744260602,-0.40619188873061907,3.898790656566117
58,12,lecture,61.4,485,just right,1744310763,-0.45171892777551803,-6.636261825949038
63,37,lecture,46.95,465,too easy,1744239123,0.3538714385569133,-11.729333099628288
99,37,quiz,89.7,161,too easy,1744287425,0.8563687291664162,-12.699959270327055
51,36,assignment,51.96,547,too hard,1744264496,-0.49158956882780336,2.3705691260863446
72,7,lecture,94.29,424,just right,1744300969,0.8211993988095425,-15.821007313110783
43,24,lecture,35.33,352,too hard,1744293994,0.1829227861625331,12.86578216529719
67,34,quiz,96.69,395,too easy,1744288196,0.47587604387074167,-10.908265965000306
67,1,assignment,87.52,176,just right,1744281579,-0.12021585698436077,1.9716340127978036
65,29,assignment,58.43,481,too easy,1744303003,0.6137144433122106,-14.981591665351793
62,26,assignment,35.37,149,too easy,1744245683,0.9409857855308268,14.385167859191213
88,10,lecture,37.59,238,just right,1744259293,-0.6588485372207118,7.683495251584105
63,1,lecture,77.28,82,just right,1744296716,-0.22888114999950138,-11.739124904921754
30,45,lecture,58.06,437,just right,1744239884,0.7249132921244676,8.629630272009873
90,17,quiz,40.16,308,too hard,1744280509,-0.6466542382254798,-16.683994658644934
38,41,quiz,63.61,245,too hard,1744251142,-0.17407311310278772,10.88866725815793
51,36,quiz,73.32,106,just right,1744249874,-0.6677697805783451,-0.38612886636632027
38,9,lecture,2.29,487,just right,1744310322,0.2967365175148855,-15.19265337148962
67,39,lecture,8.99,500,too hard,1744306606,-0.5233616956011349,2.019130274624498
77,23,lecture,9.45,305,just right,1744298136,-0.2383957892047972,-11.965347810435883
100,29,assignment,23.19,415,too easy,1744288684,-0.01773268349266499,6.910907256736909
48,2,quiz,42.7,456,just right,1744274989,-0.4057422426826356,8.344784448297741
12,18,quiz,80.36,284,too hard,1744316230,0.35980186085325294,10.433602146410244
20,28,assignment,35.11,29,just right,1744263513,-0.7775010914232081,15.794819918063617
72,47,assignment,1.75,594,just right,1744287289,0.7596015294424427,6.19758112598263
2,42,assignment,48.34,436,too easy,1744259897,-0.03731908702656228,-0.3292355524840218
75,49,lecture,99.66,370,just right,1744298224,0.14562826797070216,14.169025450569485
85,7,assignment,34.9,319,too hard,1744309608,0.24425935516090647,15.993762992502326
55,11,lecture,96.13,365,too hard,1744271003,-0.8806359046354209,11.270135156232627
6,7,lecture,10.13,36,too easy,1744322686,0.5139815110668753,17.697127492397783
83,43,quiz,17.31,56,too easy,1744286745,0.8918837084068569,19.17735778162384
94,24,assignment,72.41,465,too hard,1744281695,0.03981592711888382,-9.94752949865251
62,15,lecture,50.12,121,just right,1744318740,-0.2182625819460018,-12.652210344107452
49,31,lecture,76.51,384,too hard,1744323043,0.5695917002230375,-2.056305532486384
100,19,assignment,86.36,324,too easy,1744266898,0.440705916773406,19.877068849575167
84,10,lecture,25.11,135,too hard,1744257902,0.301951592726444,-16.46106592936741
54,48,lecture,68.28,16,too easy,1744295132,0.9307028488382749,8.47976018642126
10,8,lecture,60.76,571,too hard,1744276332,0.16354884383509516,14.033425880838479
24,1,assignment,86.15,369,just right,1744306505,-0.5032485121598722,19.857905796401617
97,2,lecture,43.01,587,just right,1744253179,-0.950467904135549,4.788498868995752
29,29,quiz,5.19,371,too easy,1744245234,-0.0930759402364052,-4.796222178576848
94,42,assignment,57.42,273,just right,1744269369,0.3046471143435807,-13.340248656246327
100,10,quiz,95.89,284,too easy,1744301295,-0.6557217230119614,19.27048276900424
6,42,quiz,1.46,405,just right,1744278098,-0.9484725239313077,16.968130127392158
58,9,quiz,24.03,322,too hard,1744287128,0.8181789105434001,12.180752971510564
78,50,lecture,31.61,501,just right,1744316873,-0.39610514432778166,17.750987024414826
57,31,lecture,76.58,413,too hard,1744280430,-0.06790113110586837,-17.565823710080682
3,32,quiz,32.33,386,too easy,1744311686,-0.8178581676193277,5.259713778897705
24,2,quiz,23.91,550,just right,1744321542,-0.23677338929656822,-9.00814813988788
19,24,assignment,64.86,329,just right,1744289086,-0.1524533940048438,10.623682572503558
98,37,quiz,4.64,234,too hard,1744308569,0.8054890740306047,-16.17133502202567
9,43,lecture,17.06,465,too easy,1744310952,0.7309149567667903,-9.651201249894573
30,6,quiz,40.8,298,just right,1744263844,-0.6219959173800667,14.01008178410703
96,8,quiz,35.56,290,too easy,1744282785,0.1121244533313801,9.977877278895729
77,40,assignment,34.72,426,too easy,1744287429,0.46249560825426306,19.68088108084732
82,25,quiz,10.86,493,just right,1744303937,-0.4162988679323498,5.7593420268733695
44,42,assignment,36.08,547,too hard,1744290627,-0.2111340324436206,-7.876991492177501
53,43,assignment,79.8,322,too easy,1744306030,0.9697625757859809,1.9153417815242122
86,25,quiz,41.38,66,too easy,1744290423,0.5194642714678932,17.75865629098395
68,46,quiz,58.62,132,just right,1744297302,-0.12563987452328917,6.070542588058224
60,11,lecture,16.36,299,too easy,1744273117,0.0681634070663506,15.259955916143646
23,35,lecture,6.97,319,just right,1744292827,0.25156470951246357,-19.084523950792395
61,1,assignment,88.0,572,too easy,1744248356,-0.0023188900229798026,-5.217960952680718
7,23,assignment,33.14,237,too hard,1744316064,-0.17675993577897842,17.41228839591942
44,3,lecture,35.03,15,too hard,1744240242,-0.2813005796806114,-18.428415928267622
55,41,assignment,87.77,452,too hard,1744258687,-0.6620367316968327,0.7640588880044454
75,1,lecture,70.78,319,too hard,1744310258,0.947242253613227,-6.138819229255317
39,44,assignment,75.63,11,just right,1744293852,-0.8171745915234332,5.8481675423171176
59,12,lecture,68.2,384,just right,1744286199,0.20204478446105179,-13.511088499865611
98,38,lecture,10.58,255,just right,1744322569,0.9192048892633511,6.132013258525397
5,40,assignment,95.8,481,just right,1744256983,-0.25013676587337375,19.67366126218557
42,31,assignment,90.91,313,just right,1744290671,-0.4951573005766545,-9.153452361838514
89,29,assignment,23.62,67,too hard,1744243835,0.9110459596220974,-1.5428821550085061
92,35,quiz,80.4,234,too easy,1744240172,0.6034786655909152,-18.812031422814197
14,28,quiz,40.94,435,too easy,1744277455,0.31005007072777646,-2.6380511029902856
27,21,assignment,68.38,211,too hard,1744314305,0.22397685402354273,-3.7603014241996817
16,11,assignment,16.56,527,too hard,1744284821,-0.279747756011677,2.5882886427436738
91,26,assignment,53.86,39,just right,1744319029,0.282638596442055,-9.729177489658554
2,11,assignment,12.66,160,just right,1744285822,0.4500508465077504,-6.853835967282373
19,5,lecture,53.62,557,too easy,1744291270,-0.9365380468877293,4.395867549859926
23,7,quiz,24.36,119,too easy,1744305305,-0.7646199174752144,16.338994642549693
41,31,assignment,45.25,130,just right,1744264908,-0.369779157122601,-10.592074026656043
14,39,quiz,66.8,250,just right,1744275057,-0.3537431661073491,7.098328272572655
47,42,quiz,87.71,39,too hard,1744319798,0.8010318689573279,0.9553366443782494
63,8,lecture,16.53,475,just right,1744305637,0.36901079769983536,-15.81563349191443
90,27,assignment,89.33,474,too hard,1744316368,-0.2529910363761123,2.617330738084334
8,21,quiz,39.0,246,just right,1744321472,0.6184043053780983,8.352319006051381
27,30,lecture,84.38,380,too easy,1744281126,-0.35361025705792604,3.930155708095228
40,14,assignment,51.25,158,too hard,1744297456,0.9815122998982058,-15.823431434807631
28,1,assignment,86.22,383,too easy,1744314874,0.5632396163638524,14.181583361748466
68,45,quiz,66.28,525,too hard,1744312704,0.6167800563230148,-18.359856160417355
61,24,lecture,50.87,442,too hard,1744314372,-0.47805492046949105,-10.559812587332118
38,6,lecture,31.25,261,too easy,1744324414,-0.7099323501848065,4.628387163456086
75,6,lecture,96.89,482,too easy,1744289201,-0.22092190536368905,-11.279494082687815
24,5,lecture,80.09,572,just right,1744257505,-0.33152849902147574,-15.928050373656095
28,35,assignment,38.12,545,too hard,1744282364,0.539664280174206,0.4767306263123139
41,44,quiz,16.67,55,just right,1744309179,-0.6514237604406812,8.89840603309477
18,15,quiz,77.95,548,too hard,1744320116,0.05493257010755448,-3.5697946934915237
49,35,lecture,98.99,444,just right,1744239397,0.2563865996438457,7.938441520956765
85,48,lecture,27.9,285,too easy,1744245727,-0.22966902824207147,14.426167332711088
26,50,lecture,91.59,517,too easy,1744298787,-0.598785374214968,18.351865633582918
3,41,quiz,12.54,104,just right,1744255476,0.7913335998050499,-10.669404410689637
77,8,assignment,95.22,155,too easy,1744240740,-0.7223199085674312,4.214444519504092
38,43,assignment,74.53,411,just right,1744291770,-0.39239125202992886,-9.3250407101642
92,35,lecture,34.66,513,too hard,1744258383,0.51313475865043,14.836740671234878
14,5,assignment,30.46,424,too hard,1744294663,0.21062306062401492,15.611514723336313
1,31,assignment,64.34,285,too easy,1744312862,0.46129109840562643,-7.113563197212095
92,42,quiz,59.35,335,too easy,1744283186,0.6175332615795086,5.813729853011473
100,31,lecture,91.89,265,too easy,1744314256,0.7907857749387528,15.50701472703605
11,37,assignment,76.62,566,too hard,1744307858,-0.3908699691898294,0.3345453301620651
40,8,lecture,54.04,522,just right,1744297421,-0.0513896794224058,8.81882573546996
4,6,lecture,92.76,156,too easy,1744287606,0.37662028725827357,12.034220151695607
34,23,assignment,59.27,304,just right,1744282303,0.5894913276172289,14.875843841472623
65,16,quiz,84.97,384,too easy,1744319145,0.15563352778589779,0.6083034610344882
56,44,assignment,84.09,65,too easy,1744271741,0.027496355913305237,17.672974980646913
10,49,quiz,91.92,235,too easy,1744312555,0.3835270911699742,5.15812938724272
81,8,assignment,6.76,528,just right,1744244256,-0.23594201813242321,-13.93089751356487
71,4,lecture,58.38,29,just right,1744290729,0.7874085923312035,4.49827023712508
64,32,quiz,46.84,168,just right,1744242648,-0.5755621289601434,-8.06104622464865
13,49,quiz,49.05,479,too hard,1744241303,0.7680084199756336,-5.116586290443564
22,3,lecture,45.99,375,too hard,1744312791,0.287233399546134,12.354380941509113
56,50,assignment,83.75,10,too hard,1744300171,0.20131690866266583,18.93389874829468
65,16,quiz,31.84,238,just right,1744285944,-0.06009027310262893,14.794157892061392
92,34,assignment,46.28,292,too hard,1744288960,-0.690507914611932,-6.967855305062924
97,13,assignment,20.07,128,too easy,1744287525,0.7298682807405634,-1.8536475646572441
13,33,assignment,25.17,236,just right,1744247802,-0.8949320832005836,19.33990986796914
1,22,lecture,66.04,33,too easy,1744281001,-0.46006866610467156,16.941235303011972
38,31,assignment,11.69,317,too easy,1744277708,-0.7805865060572832,19.077957804316803
58,24,lecture,18.78,316,just right,1744252456,-0.7863293761977133,-2.6833005983988016
25,3,quiz,52.8,578,too easy,1744322421,-0.21915446959514928,12.022530793635596
42,33,assignment,4.38,503,just right,1744257406,-0.6791486130426827,14.848690293640068
85,30,quiz,12.69,517,too hard,1744239376,0.16277157210952553,-18.229465914108967
33,26,assignment,86.34,320,just right,1744268120,0.25431787927954286,-9.35648946582933
57,34,quiz,84.61,98,just right,1744292435,0.7641874548342424,15.339357522378123
37,22,lecture,34.78,284,too easy,1744285023,-0.4006641469199712,-4.450300529895429
57,30,quiz,34.8,489,too easy,1744256767,-0.3816432331914288,-8.85511686141594
98,35,quiz,93.65,466,too easy,1744308545,-0.507262550358651,-9.09234027764561
62,25,assignment,2.58,595,too easy,1744319045,0.5636206639031307,-4.9838010486033735
3,28,assignment,58.03,364,too easy,1744323862,-0.14387983962688322,-10.241487218941415
30,33,assignment,59.74,271,too easy,1744287557,0.10484402670498527,-19.865467505669912
67,23,assignment,78.79,185,too easy,1744302366,-0.2507649774522278,-13.096194102683736
63,26,lecture,95.18,413,too easy,1744269465,-0.6863741410534183,15.303002186172947
82,9,quiz,35.58,239,too easy,1744286173,-0.7949405823579214,-16.974056106739535
23,8,quiz,43.78,597,just right,1744260661,0.7365469326466023,-3.4799183951497135
72,37,lecture,67.13,332,too easy,1744286835,-0.4690366366841008,-1.740485833377818
73,33,quiz,96.73,286,too easy,1744293106,0.8832398311021137,11.126158551695589
66,15,assignment,89.08,284,just right,1744307990,0.8945868825599057,-9.896400900327297
61,49,assignment,66.71,226,too hard,1744250044,-0.042156885654083265,-7.61432846569544
2,47,assignment,85.67,199,too hard,1744296412,0.9171764530704798,-19.42896168463793
27,8,quiz,8.52,27,just right,1744260162,-0.9430255672858403,16.1132246005689
48,21,lecture,37.71,423,too hard,1744277455,-0.8166988405091762,7.422277572907738
63,3,lecture,1.31,193,too easy,1744273400,-0.5133806401035743,-9.486150849549816
100,9,quiz,17.75,252,too easy,1744245163,-0.5816131967119935,15.500597865464634
5,14,lecture,63.05,435,too easy,1744308036,-0.49472430952035373,-16.536740982262756
1,38,lecture,88.56,62,too hard,1744266573,-0.09541133912144639,-5.2641738021096085
22,27,assignment,63.28,235,just right,1744262936,-0.8741572933382302,2.543901386815026
74,20,quiz,66.41,571,too easy,1744280884,0.11077656739669628,0.22046675047359088
24,4,lecture,10.38,328,just right,1744303990,-0.381091549845473,6.196301921388034
59,24,quiz,66.49,378,just right,1744279587,-0.8569049357098284,-8.0961982994772
79,27,assignment,45.43,257,too easy,1744248384,0.5064185378114809,10.313658505975496
97,12,assignment,65.14,577,just right,1744264246,0.3068595385242614,-3.782152702817136
50,28,lecture,32.62,186,just right,1744288990,0.5868601299327922,-14.988112252281049
23,35,quiz,58.15,485,too easy,1744256102,0.8784679166928968,9.616057917222705
78,24,quiz,42.41,22,just right,1744241205,0.17153048770416457,16.4777192525196
18,31,assignment,55.86,370,too hard,1744310802,0.5734320047067383,-5.423020900212411
89,3,assignment,14.71,298,too easy,1744243099,-0.601634583242272,3.5861129528833366
22,30,assignment,39.58,440,too easy,1744243651,-0.17926608844971903,7.512981122860921
44,27,lecture,37.43,585,too easy,1744308519,0.06014197499122731,13.260940888887916
44,17,quiz,73.64,348,too easy,1744250264,0.08242761200811732,-12.080259708439085
37,6,lecture,70.64,43,too easy,1744320557,0.43667462689435665,2.7991343520458827
7,47,quiz,90.89,333,too easy,1744323597,0.5918820513642482,9.614535921597131
90,43,assignment,63.21,560,too easy,1744247560,0.33370585358803195,-12.034953052259002
24,18,lecture,31.45,465,too hard,1744238572,-0.9055090213027008,-1.1007411308359352
77,35,lecture,78.32,234,just right,1744309259,-0.29756647575720696,-1.42551646124641
41,27,lecture,49.7,142,too hard,1744247462,0.1448780408952719,13.573810223567712
70,17,assignment,19.35,489,just right,1744282642,0.015738920114236832,11.092256018088836
85,11,lecture,74.74,561,too easy,1744240856,-0.9104060649691357,-10.722940186959299
71,38,lecture,13.25,230,too hard,1744239099,0.9612731381057598,-10.681893093237136
18,37,assignment,17.82,410,too easy,1744282730,0.9122110544813014,8.934165176133597
79,42,quiz,75.88,69,just right,1744324425,0.5475235851083249,9.584499255941456
72,34,lecture,77.01,141,too hard,1744301679,-0.8892935207436494,-12.844005104024841
60,47,assignment,79.08,402,too hard,1744291052,-0.13958432898508089,-3.5527843844520923
52,32,lecture,29.33,590,just right,1744262593,-0.18046089446232094,13.030834494040256
80,43,lecture,86.66,23,just right,1744310528,0.11605203424956123,-16.82317384582449
49,46,quiz,72.27,444,too hard,1744253137,-0.8881430842683897,-5.0442174885871935
67,46,assignment,83.4,483,too hard,1744265363,-0.15268670800324569,5.781641277532724
45,35,quiz,70.86,160,too hard,1744265845,0.515678633995289,10.843471687479056
9,28,quiz,57.96,479,just right,1744244031,0.9960158991349768,6.10631555652779
26,22,assignment,10.94,420,too easy,1744267565,0.1908864282939069,-4.099169079370121
26,16,quiz,71.09,354,too hard,1744309430,0.8812246224760123,19.67804386927726
30,46,lecture,69.05,205,just right,1744275682,0.9970769623725939,-18.338705663181074
27,42,assignment,31.25,553,too hard,1744324556,-0.13043614416661975,-0.20976549014713441
80,40,assignment,73.58,82,just right,1744323844,0.3373808628933934,0.40220063850780363
4,12,lecture,55.05,203,too hard,1744241487,-0.5735697568010572,-10.408353048183606
51,5,lecture,55.94,571,just right,1744240936,-0.04870711247673243,2.348296505187605
83,26,lecture,36.76,578,just right,1744255914,-0.8431769139926204,-11.19770371311426
98,26,quiz,11.68,201,too hard,1744281052,-0.9417004429871649,-2.263517344701608
70,13,quiz,21.69,439,just right,1744264698,0.7858386700093571,-2.7346290518127994
79,24,quiz,76.88,510,just right,1744317974,0.7168006632491477,10.924894249481923
10,44,quiz,27.14,226,just right,1744318912,-0.3758706834844452,17.703675432827687
36,3,quiz,0.23,494,just right,1744323073,-0.08609391257986632,-11.886269692753757
46,32,quiz,99.7,369,just right,1744271000,-0.012779391735571632,19.660691233550338
6,23,assignment,21.07,318,just right,1744276187,0.04140224641363055,17.612658402922406
70,49,assignment,65.54,430,just right,1744310383,-0.7308579909903716,-15.49387199344796
79,37,assignment,92.69,590,just right,1744241740,0.5501175234014997,16.494641426252066
93,38,assignment,59.97,420,too hard,1744298321,-0.30436861488952527,2.5831171860225908
89,45,assignment,79.9,526,just right,1744273562,-0.9366096375401145,15.15825629866395
83,38,assignment,97.64,252,too easy,1744275332,0.3531230453396961,17.825408668619716
78,13,quiz,86.04,181,too hard,1744268592,0.659754992200509,14.356288098893508
3,15,assignment,55.79,469,too hard,1744243784,0.8362535734136969,-3.884896529852277
50,2,lecture,36.37,374,too easy,1744323369,0.3488106412742391,5.4703677387820875
42,11,assignment,48.25,87,just right,1744255328,-0.6174419657883194,-1.409187238138074
78,16,lecture,84.18,578,too easy,1744303063,0.17956106288010631,-5.342083496547607
54,18,lecture,85.34,499,too easy,1744267380,0.8235239663224185,-9.971602110342968
39,34,assignment,84.59,541,too easy,1744318727,-0.2988798047336765,-2.3396827605201977
85,10,quiz,59.72,535,too hard,1744240912,0.9067014435478822,12.238877010130913
55,13,quiz,47.7,215,just right,1744286979,-0.8046418565504214,13.760907803297385
11,32,lecture,31.13,300,too hard,1744306881,0.45610548781108995,18.320220763511017
74,8,quiz,0.34,513,just right,1744284326,-0.7601776550058661,-8.375333902226396
79,7,lecture,76.45,563,too easy,1744265974,0.5977506058103115,6.015900216160773
30,48,quiz,27.7,437,too hard,1744255623,-0.8046886723084568,7.751157925495956
81,17,quiz,32.97,480,just right,1744253686,-0.3485499198702444,-12.346706638670017
56,41,quiz,84.35,522,just right,1744273055,0.5537234284276089,-5.324723483035445
29,27,quiz,5.23,333,too easy,1744300520,-0.07961345845130574,-6.309725730719219
17,8,assignment,92.76,264,too hard,1744271769,0.765372942028772,19.436399789609894
33,29,assignment,0.14,599,too hard,1744311516,-0.19652427588514843,18.33514252486274
21,37,assignment,93.92,60,too hard,1744318470,0.9899162405771016,12.870715993798385
78,27,lecture,45.48,109,too hard,1744272302,-0.9626504138793603,-1.0865617881764358
10,37,assignment,10.21,473,too hard,1744306161,0.3921244121685752,-9.437127447342185
87,24,assignment,67.42,508,too hard,1744272709,0.8317752557173561,16.638569699486453
39,45,assignment,89.59,246,too hard,1744251450,0.07197294602503712,-9.278255916614743
78,16,quiz,43.81,481,too easy,1744309234,0.977018477455293,0.877720726352905
47,26,quiz,69.14,407,just right,1744255755,0.4160490025418737,-10.197099096937464
86,31,quiz,97.94,166,too easy,1744265576,-0.14094741161983992,18.850315704994685
52,27,quiz,24.07,307,just right,1744260403,0.030754755539280643,-18.329535674918603
41,26,quiz,82.04,23,just right,1744245240,0.7549391233120288,-13.026007270354167
92,43,assignment,29.52,125,just right,1744287003,0.9151669965483078,10.601969569610063
47,15,assignment,42.63,148,too hard,1744296688,0.11177254479430987,-13.942188528709147
73,49,quiz,28.18,84,too hard,1744272619,-0.3856995088271884,19.173981746764746
87,15,quiz,44.6,369,just right,1744274063,-0.5213497967976994,-7.145907407679545
71,23,assignment,0.51,33,just right,1744310822,-0.04590358059905575,16.745846402328937
88,25,assignment,30.34,415,too hard,1744258110,-0.40732286669155204,6.491132049931725
43,44,quiz,44.53,576,too hard,1744321629,-0.1583265525474531,5.364699569958113
37,4,lecture,63.22,335,just right,1744319409,0.6689336101309866,16.61489795464189
73,36,quiz,63.74,343,just right,1744317635,-0.05602482824087396,0.5311732900931041
64,16,assignment,58.38,338,too easy,1744254905,0.28175778011230257,-3.968878764479694
71,47,lecture,29.3,309,too hard,1744322267,-0.8197863228545099,-11.295089783762705
60,40,quiz,94.74,98,too hard,1744278386,0.5242544594032061,-14.218552219582804
87,21,assignment,39.2,24,just right,1744253855,-0.034191514754169816,11.6707525787862
25,40,assignment,21.69,310,too easy,1744282128,-0.27811492406061133,-14.882466987199034
22,43,assignment,55.45,327,too hard,1744310703,0.2219788568544685,-4.239297910287574
43,17,quiz,74.89,187,too easy,1744276183,-0.7960284148518888,-3.631326815217733
71,3,quiz,1.22,471,too easy,1744316268,-0.17200269514567812,6.579975134108764
70,7,lecture,27.63,278,too hard,1744309193,0.6219448620382868,-8.85941971232433
36,12,assignment,82.5,114,just right,1744273448,-0.47587189471761593,13.529157528392076
46,1,assignment,50.7,526,too easy,1744323358,0.8281922721904642,-11.700633913557557
22,43,lecture,40.85,348,just right,1744282158,0.2072871988997973,11.565946197309039
35,37,quiz,93.09,401,too hard,1744318072,0.08156730155924641,13.990366976859015
47,6,assignment,8.95,150,too easy,1744311781,-0.20085799857004227,-12.27277439037858
33,46,lecture,61.56,178,just right,1744245182,0.4839988896177898,12.37663336107402
85,49,assignment,34.22,26,too easy,1744321077,0.12893532100040317,8.54960592813072
75,23,quiz,7.08,553,too easy,1744318904,0.5930845523593096,14.975116205285211
13,25,quiz,21.37,14,too easy,1744310825,-0.33664216359053345,0.39873268750133306
56,25,lecture,62.79,146,too hard,1744257744,0.4040288390138769,-10.645739685149035
67,3,lecture,2.83,171,just right,1744241814,0.8868853462747364,16.481589469157775
13,4,assignment,59.22,472,too easy,1744315615,-0.4401624054588589,11.601744676334373
50,30,quiz,95.69,447,just right,1744246071,0.9620033527259755,-19.160585124060944
57,33,quiz,79.51,391,too hard,1744247792,-0.17894549293056072,17.5765434517793
98,29,lecture,34.56,391,too easy,1744260000,-0.9229353045954796,17.94101034597731
28,4,lecture,13.82,491,too easy,1744252843,-0.28459761533916716,-5.787834768939453
98,14,assignment,46.51,364,too easy,1744290535,-0.7007153587150554,-19.59926970903004
96,21,quiz,39.3,254,just right,1744323036,-0.39142925141599405,2.1014928484022093
87,7,assignment,97.17,485,just right,1744300974,-0.8080607653191685,16.547030923774066
88,21,assignment,98.99,474,too easy,1744322317,-0.6435927889867268,-15.022388656115563
65,7,lecture,41.06,199,just right,1744280374,-0.7466020915144218,3.6203874903088753
24,1,quiz,14.88,503,just right,1744298784,-0.9130474160910858,9.270771208386108
67,34,lecture,91.06,532,too easy,1744268902,-0.4076272544289379,-14.612405579044987
81,23,assignment,79.35,544,too easy,1744306533,0.881920049169314,0.5309363860581442
7,3,assignment,51.13,291,too easy,1744261078,0.8987865429120543,-16.44782904659472
74,18,quiz,36.54,439,too hard,1744265447,0.6932929929539338,2.325046949359823
83,43,quiz,44.82,590,too easy,1744285653,-0.9757189550755354,-2.3153756636367007
24,12,quiz,90.19,262,too easy,1744246661,-0.9437530611641676,-9.412079067825916
9,14,quiz,18.46,572,too easy,1744249241,-0.9792851372583573,14.123221567208688
15,41,lecture,80.68,52,too easy,1744252629,-0.2667198289877113,-4.72842091903242
56,28,lecture,1.82,491,too easy,1744324125,0.9605159229742419,7.9926831255233495
86,42,lecture,92.06,150,too easy,1744256151,0.7936756297162364,11.627306716347519
17,45,lecture,50.03,520,too easy,1744263423,-0.49892987977163195,-12.854883983248651
19,24,assignment,22.67,546,too easy,1744258487,-0.17961026828214832,-15.235459885053956
9,24,lecture,0.29,279,too hard,1744301692,0.6488567281730533,-19.686593075485593
64,3,lecture,55.95,370,just right,1744307320,0.5171670237422141,-7.767684432016054
57,9,quiz,24.45,304,too hard,1744240902,-0.7347639265301436,12.63822729671444
38,24,assignment,63.13,484,too hard,1744267757,-0.7844462509406467,10.910633147440649
83,2,lecture,28.12,481,too easy,1744239193,0.0874410568257542,14.872237643895915
8,40,assignment,8.8,170,too easy,1744302046,-0.7957763630402588,10.424008129865125
6,28,assignment,50.51,54,too easy,1744251335,0.6500373450414387,-19.040337061797523
49,7,assignment,56.45,216,too easy,1744295671,-0.49334682057844015,-4.579294442318101
45,9,assignment,45.26,117,just right,1744259865,-0.6233404828154705,-19.76291092272475
21,45,quiz,45.8,513,just right,1744265589,-0.6286570265313547,-18.55795944648274
93,39,quiz,58.97,451,too hard,1744249144,-0.9095369493976861,-0.8576507820347565
34,39,assignment,52.64,74,just right,1744260061,0.2836696393017819,-5.599778247549644
12,33,assignment,13.26,276,too hard,1744316413,-0.6710079439223595,2.3409403693226984
39,34,assignment,19.71,408,too easy,1744238821,-0.5333240445454912,-17.35356235500128
96,21,quiz,14.18,233,too hard,1744270263,0.5026120729907326,3.5320046055871828
6,29,quiz,69.33,298,too hard,1744247678,-0.8850374891745529,-17.39990524806491
81,27,assignment,52.86,294,just right,1744263039,-0.5945097746562507,-3.052631790308741
32,17,assignment,42.99,195,too hard,1744299633,-0.7013029593901294,-5.905694840017661
60,42,assignment,79.83,235,too easy,1744297605,-0.9903019735808882,-11.04208234957011
8,47,assignment,32.58,209,too easy,1744294041,0.07868429702144031,-7.5211492902644075
38,48,quiz,56.81,513,too easy,1744259398,-0.6199320022130734,-19.97903583718077
93,23,lecture,7.44,20,too easy,1744317564,0.2658130075714029,-7.036258260283631
95,45,lecture,74.44,507,just right,1744317948,0.0035591289274423676,-16.863666310549608
19,21,quiz,69.52,286,too hard,1744314759,0.3357561054997493,16.852086909925646
55,8,quiz,80.24,12,too hard,1744258760,0.9631286785854796,-17.02668479812616
9,9,lecture,88.45,583,too hard,1744278199,-0.5602518987417942,18.124235508626974
52,33,lecture,75.8,14,too hard,1744269361,0.33175428985208155,-0.3429466102614498
28,4,lecture,84.45,530,too easy,1744274828,0.6672217447358193,0.526926211731702
62,18,assignment,34.57,579,just right,1744312290,0.9147724557601662,11.525029547245055
48,32,lecture,34.33,289,too hard,1744320071,0.24466867196328201,7.815188502738092
39,30,lecture,94.43,432,too hard,1744269168,-0.7383319579844909,-10.517555084432168
53,25,assignment,91.46,247,just right,1744269888,-0.8923041881801779,-18.981346038237486
95,33,assignment,54.85,326,too hard,1744247681,-0.44297372215106035,11.137968366186666
63,35,quiz,36.66,136,just right,1744293697,0.8563146048236829,-14.810288031037109
19,42,assignment,86.6,313,too hard,1744304256,0.07386365856762134,3.9347691409414693
33,34,lecture,32.34,187,just right,1744291239,0.15861107726971668,17.70527095751116
64,50,assignment,15.36,499,too hard,1744283974,0.2212050569331594,1.977739595687975
26,2,quiz,63.95,446,too easy,1744270701,-0.33556949958623483,-8.577069656888941
45,13,lecture,4.26,47,too hard,1744287905,-0.6368182276682874,-12.847915107439869
1,41,quiz,37.91,492,too easy,1744257443,0.9084833863254322,-18.92200356527079
75,23,quiz,80.77,324,just right,1744243316,0.5107701460456162,4.929797685477592
66,23,quiz,29.52,493,too easy,1744287198,0.02210024455788462,2.319962760454498
35,31,assignment,93.13,106,too hard,1744303801,-0.2465896607157403,-1.53096338354597
77,2,assignment,95.58,26,too easy,1744259006,-0.03445544851291582,-12.249142837299956
98,2,quiz,81.58,456,too easy,1744316291,-0.9326696069978351,-10.534725334577967
98,5,quiz,98.76,288,too hard,1744315363,-0.505012985869763,18.341160120789276
99,14,quiz,53.08,461,just right,1744263412,-0.4985879884376174,-19.18383646601861
96,23,quiz,56.92,38,too easy,1744276291,-0.10930531995319837,-5.462613401487291
45,35,assignment,83.62,555,too hard,1744282717,-0.5274615808719485,-18.447499800382335
76,46,assignment,49.28,19,too easy,1744268312,-0.629085683831726,-12.337226434141382
33,1,quiz,40.67,110,just right,1744276102,0.5310555148813558,17.325451470432597
82,41,assignment,61.48,96,just right,1744298854,0.787010830977636,-14.017488946695863
69,48,lecture,65.77,479,just right,1744295189,-0.8657200809103593,4.031412338118471
83,49,assignment,75.09,310,too easy,1744281066,-0.5806923659460328,-6.122197046611738
31,40,quiz,66.82,215,too hard,1744297822,0.5473736110789791,5.321924893738299
91,15,assignment,74.57,91,just right,1744266212,0.6316695792716367,14.08571434156567
64,30,lecture,67.46,221,too hard,1744293726,0.0003202041662622168,-8.538223585044818
15,21,lecture,48.04,128,just right,1744291651,0.38976561414389943,-16.855074714621043
46,8,assignment,13.49,145,too easy,1744262850,-0.844799386020106,-11.83280434547128
48,7,lecture,78.54,386,too easy,1744299435,0.6990574589763698,-2.4363914610583457
68,41,lecture,3.08,437,just right,1744244695,0.665457512837816,0.6025544819871627
83,34,assignment,99.25,323,too hard,1744276507,0.3868040941334132,17.675810883119084
85,42,assignment,82.85,413,too hard,1744300378,0.83265394702059,-19.355920866852525
40,37,assignment,67.09,252,just right,1744290087,-0.904731473102363,10.305082924399471
1,48,quiz,96.66,354,too easy,1744241798,-0.5380729909443851,-17.099610566052764
20,32,quiz,61.25,433,too hard,1744259740,-0.27490927788693154,-16.88311578691842
22,33,lecture,5.64,25,too hard,1744280720,-0.682822251834756,6.165291671192236
54,6,lecture,55.94,525,too easy,1744302322,0.6296553226989574,16.357302267040694
77,42,assignment,27.72,275,too hard,1744298202,0.5143864460354699,-8.492146634193984
65,10,lecture,36.95,569,just right,1744302904,0.5465048689286092,-9.227752843382731
15,26,assignment,45.96,29,too easy,1744303680,-0.4174130545836836,4.708472951437578
61,45,quiz,77.46,20,just right,1744267676,0.5253726181377587,11.051233234542622
79,26,assignment,50.29,29,too easy,1744297177,-0.7538852114729304,14.758364788999792
14,19,lecture,47.47,288,just right,1744318215,-0.7863990303745085,-10.011754056600811
69,35,assignment,30.2,342,just right,1744317520,0.16811473369785368,9.607967164043203
49,45,assignment,53.99,556,just right,1744239978,-0.9026626824764004,-7.711516380234698
6,4,assignment,24.84,410,too hard,1744323770,0.8773011872149412,1.7924768116090135
41,25,lecture,26.1,47,too hard,1744283853,-0.34230718892598566,-12.36590114823664
31,8,assignment,75.73,92,just right,1744274474,-0.04593478603623091,-14.159919036677051
90,12,assignment,34.25,41,just right,1744282944,0.6264584723465667,17.412142005353502
64,24,lecture,5.14,63,too easy,1744249696,-0.199894271117937,1.8879700161824466
89,24,quiz,34.37,546,too hard,1744283664,-0.13870934256228962,-19.81641812027779
51,17,quiz,63.86,54,just right,1744259449,-0.304112059604684,11.737461764585117
59,25,lecture,81.4,303,too hard,1744308390,-0.2965531138780535,7.634805281254351
55,33,quiz,96.19,134,too easy,1744285958,-0.06408937232996204,-6.964687816900138
49,27,assignment,74.62,557,just right,1744250979,0.8918571047429156,-1.441428700307064
40,2,lecture,42.89,353,too hard,1744255945,0.87203624117753,-2.0048201074953695
15,9,assignment,29.91,432,too easy,1744319752,0.09032332261779885,-9.009212191659017
70,33,assignment,12.96,176,just right,1744320706,-0.08808040400990258,19.222281603893798
65,19,lecture,62.77,278,too hard,1744285279,0.616322305137206,1.7554033091955468
7,49,assignment,50.99,203,too easy,1744255621,0.36185831387322964,15.891177638106761
62,5,lecture,67.77,133,too easy,1744277485,0.7631268042422819,3.414215426469724
54,47,assignment,23.71,280,too hard,1744288194,0.46122368257735236,7.607324942740227
52,20,quiz,32.36,67,just right,1744309412,0.9046886436613049,-18.818302260916518
51,24,assignment,29.21,68,too hard,1744244229,0.7724914812739261,0.4727419757754916
4,31,assignment,79.77,459,too easy,1744285064,0.7104983563393472,8.851071315529566
1,44,lecture,17.12,226,too easy,1744244901,-0.2169037403659797,-15.125478470478718
66,4,quiz,60.85,590,just right,1744299317,-0.22757532662217095,7.13299850139407
98,32,assignment,5.14,491,too hard,1744297383,0.48240567968441495,-16.62911092266668
35,47,assignment,54.95,253,just right,1744306705,-0.8325019875044433,12.280916712353388
77,35,quiz,6.39,112,just right,1744278825,-0.3555710907378178,19.111353607051
81,14,quiz,17.59,526,too easy,1744321542,0.8644476756811426,5.069384047170111
10,36,quiz,11.3,273,too hard,1744243794,-0.09979754840249222,-16.916884288672364
67,6,quiz,34.67,250,too hard,1744278263,-0.4602035016517223,3.470137979937242
68,17,quiz,34.37,238,too easy,1744266936,-0.047095596365314796,9.634523191903295
89,18,assignment,82.64,461,too easy,1744313644,-0.4228207784703326,17.32383984899102
93,8,quiz,22.57,464,too hard,1744253561,0.5365217842508081,-18.18165232779117
65,12,quiz,8.64,553,just right,1744269751,0.7012101738287726,11.001692352509234
51,17,assignment,60.35,383,just right,1744246033,0.565316494590222,-14.696731723857006
30,31,lecture,68.75,33,too hard,1744247021,-0.701905886488057,11.623455089172428
39,1,assignment,29.48,315,just right,1744305821,-0.3278856686753271,15.5484114349034
10,11,lecture,60.28,383,just right,1744289615,-0.572057960013771,14.449713257320973
93,42,quiz,77.61,196,too easy,1744265421,-0.9144017623868301,6.1149262982956
44,16,lecture,34.76,121,just right,1744287755,0.4783508493511974,0.03062515201241922
32,37,assignment,52.54,502,too easy,1744311180,-0.14328083715419293,14.983468496028834
44,49,lecture,14.66,303,just right,1744248397,-0.4467538227040384,0.7628504101446865
63,28,lecture,2.36,431,too hard,1744240103,-0.38494498361682283,-12.395554880900326
61,9,lecture,98.14,158,too easy,1744258285,-0.7299670725784608,17.713321284169396
65,8,quiz,29.97,160,too hard,1744239418,0.6535212668458201,-5.068373604923465
41,25,assignment,27.89,183,too easy,1744272768,-0.7121510283226213,4.9739611263373895
81,10,lecture,97.32,206,just right,1744288155,-0.32336742520489525,-12.03416768023239
12,40,quiz,72.82,264,too hard,1744261295,-0.9852241313251127,-15.57841456033756
2,3,assignment,58.53,423,too easy,1744240692,-0.1271769395038702,2.0415380087512887
73,23,assignment,69.93,177,too hard,1744317611,-0.29039886047422225,2.1837819933413627
76,23,assignment,70.99,91,too hard,1744251399,0.43820401393970765,-5.210306419952101
60,44,assignment,76.33,79,just right,1744249853,0.4306272634949917,-7.530458694331269
25,4,quiz,6.72,435,too easy,1744313301,-0.9227375361079144,-5.033060498602602
100,50,assignment,41.28,411,just right,1744265223,-0.7682721570241973,11.805823994500066
61,23,lecture,29.51,534,too hard,1744242297,0.809252013269075,-5.690608322990673
99,9,assignment,7.06,221,too easy,1744275318,0.5835966615672528,16.854906946206782
22,4,assignment,41.26,111,too hard,1744301565,-0.22103021552865032,-15.481501288356792
97,34,quiz,61.62,598,too hard,1744289390,-0.6672510325136474,17.263051792236553
56,39,lecture,17.85,347,too easy,1744267077,-0.47843742634896724,7.581920221522104
21,18,lecture,30.5,342,too hard,1744247466,0.31605336697654796,-6.225962980503592
55,34,quiz,63.92,214,too easy,1744261061,0.8909859723428442,-19.725791068946947
40,34,quiz,57.93,496,too easy,1744265832,0.23147616608275556,12.097264880457374
51,42,lecture,86.88,238,too easy,1744245190,-0.9471087963031353,18.773098518863236
22,3,lecture,79.12,198,too hard,1744242151,0.30143625424140086,19.297574436517465
28,19,assignment,96.56,108,just right,1744252907,0.8895032858028966,-3.0637915905260193
4,34,quiz,59.72,420,too hard,1744323423,-0.2827179756933089,-17.179824178521844
26,26,lecture,69.85,469,too hard,1744266866,0.8671113579698326,-7.449848570310266
87,35,lecture,86.05,203,too easy,1744283534,0.3412396504333932,-7.610390799462717
60,41,quiz,84.0,564,just right,1744313230,-0.6203290347243917,-15.90475032226414
23,43,quiz,71.87,29,too easy,1744300406,-0.7093888257879517,0.9886639026629851
41,31,lecture,50.03,320,too hard,1744292309,-0.6474008026174012,4.183139139375136
58,43,quiz,27.32,567,just right,1744282491,0.39844914906168194,9.152763132223836
8,27,lecture,87.72,88,too easy,1744286013,0.17904257257876388,-17.959450217375192
96,3,lecture,77.67,179,too hard,1744258580,-0.08891285800697468,-8.984106808567187
51,37,assignment,83.79,255,too hard,1744311303,-0.47329054323584185,-5.791859909090157
61,12,assignment,14.08,481,just right,1744273118,0.8144624159822635,15.689654386910078
1,47,quiz,31.48,108,too hard,1744247108,-0.5725130095341053,16.055680461544057
30,23,quiz,42.49,331,too hard,1744303117,-0.4327875642880217,-9.601125435217725
92,17,lecture,83.84,150,too hard,1744245122,-0.8901637066928749,-0.5067577041173443
17,16,assignment,89.29,118,too hard,1744258339,-0.4493493922385028,-3.009745476066527
23,17,quiz,28.49,322,just right,1744269710,0.8457953534308085,1.0683030851796786
24,15,lecture,68.64,130,too hard,1744322725,-0.6247919534890003,-8.55540860209938
86,26,assignment,7.78,108,too hard,1744268210,-0.5920742507645695,-1.483134102513386
69,45,lecture,40.96,587,too hard,1744306451,0.19995479291358187,-14.185183630113407
89,2,assignment,48.67,503,just right,1744261501,0.13390698105487253,8.382017973852225
52,17,lecture,76.56,153,just right,1744250686,-0.648082892738469,-5.2103811818454915
71,1,assignment,89.2,119,too easy,1744238539,-0.6914702621413973,1.6966677173436864
58,30,lecture,33.73,493,just right,1744257660,-0.7660460732640417,4.1840487001084234
22,32,lecture,52.77,139,too hard,1744262472,0.7221709630245692,13.461027849111083
59,30,quiz,64.74,409,just right,1744254013,0.30887044200773617,-16.729625265997583
44,42,assignment,32.87,515,just right,1744288601,0.9068913437084662,-0.6903940219144573
37,4,assignment,98.55,219,just right,1744319409,-0.6683329609898159,15.762883212136607
34,42,quiz,87.58,370,too hard,1744250596,-0.07879274823659976,-6.808099620106898
100,44,quiz,29.64,163,too easy,1744287228,0.48609278930410116,-2.2189531155787066
57,32,lecture,50.79,542,too easy,1744319848,-0.5729033575101989,-16.597024332435176
57,35,assignment,23.08,556,too easy,1744295453,0.369353486525299,10.026933862336065
40,1,lecture,51.45,369,too easy,1744243994,-0.05239328648106989,-16.599136948029233
20,19,lecture,68.33,319,just right,1744244323,-0.13834239667005077,5.239122228181806
17,33,lecture,8.55,483,too easy,1744294537,0.28999528907903005,-5.030195732603504
52,19,quiz,87.01,309,just right,1744311338,-0.0646110898946155,-6.473619278753567
4,36,assignment,59.37,350,just right,1744291229,0.6400259984043639,3.420147743203085
63,27,quiz,98.96,13,too easy,1744249833,0.8610427349344294,2.706769428336905
50,13,quiz,2.56,563,too hard,1744274808,0.1777174628879834,-3.7818808669709014
82,27,assignment,83.15,178,too easy,1744268064,-0.3988109977961187,-8.866217286220582
92,46,assignment,79.2,429,too easy,1744312184,0.5544443681393099,0.32675040073648987
50,14,quiz,13.29,289,just right,1744291472,-0.6590205085068646,-9.315896023639167
16,24,quiz,33.53,398,just right,1744244450,-0.8100183434591623,-15.89434686930884
72,35,quiz,88.48,194,too easy,1744279176,0.0374630301077874,11.966097892116487
61,19,assignment,51.85,332,too easy,1744313320,0.2934716674769766,8.092396447965506
44,25,assignment,40.13,20,too hard,1744324199,0.6699959411345902,-16.625961490800982
18,11,lecture,90.55,287,too hard,1744282287,0.9104248103781447,-13.495775850133175
50,9,assignment,9.33,148,too hard,1744312538,0.7466761717219708,-15.993332819941637
93,6,quiz,47.31,95,just right,1744299129,0.977399147092326,11.628409007979702
80,36,assignment,65.24,240,too hard,1744249889,-0.04860000135088094,10.914834524593736
30,37,assignment,60.85,460,just right,1744282890,-0.36692476336424185,-3.6786151956050794
49,29,assignment,26.43,147,just right,1744309098,-0.08058744266077111,12.85603153906932
98,9,quiz,56.33,540,too easy,1744257550,0.2882610004817625,18.95835627216517
94,33,lecture,70.86,347,too hard,1744259606,0.01451321908089831,18.818683290169275
21,23,lecture,58.49,165,too easy,1744259811,0.26823964373036646,19.23429885384774
22,15,quiz,68.45,26,too easy,1744295879,0.7734452483676786,13.855387195631323
47,11,quiz,25.61,270,just right,1744284240,-0.6683762674158178,-11.320481420042796
25,23,lecture,83.28,169,too hard,1744262634,-0.7594719691014213,-17.703278936129713
86,26,quiz,44.97,318,too easy,1744319799,-0.0029623741609818843,12.466395024703345
56,1,assignment,98.72,90,just right,1744276919,0.963536235193456,-7.6582500821496335
64,30,assignment,2.33,222,too easy,1744321978,-0.8819129975963951,-6.489849294618551
28,17,lecture,38.03,436,too hard,1744324560,0.9731146099754646,-17.08017603091482
33,47,assignment,18.05,351,just right,1744289019,0.9354132294095878,8.588453378867676
66,46,lecture,55.56,368,too hard,1744266408,-0.41480097170875396,-2.769704276916425
4,41,quiz,24.32,215,too easy,1744284112,0.7820075926264511,-11.829379831547184
80,23,lecture,73.75,345,just right,1744323837,-0.9844828326291275,6.09843855307674
12,36,lecture,88.19,270,too easy,1744294596,-0.09187770793848782,19.19536247987058
17,41,assignment,21.09,252,too easy,1744264070,-0.1957530175254263,-0.06398754588745703
36,5,lecture,16.07,591,too hard,1744304963,0.8053160135589965,4.254807918047931
16,35,lecture,87.54,404,just right,1744243830,-0.05540764816110877,-13.485705876467176
23,50,lecture,36.13,346,too easy,1744262049,-0.16412249302220716,-13.561708626696145
72,9,quiz,43.46,288,too hard,1744245418,0.2791892207464737,-1.670343243448503
9,4,assignment,22.1,258,too hard,1744285684,-0.24840162288800371,13.790414551897179
78,7,assignment,42.53,39,just right,1744298766,0.07311913553900307,16.366000850034233
55,1,lecture,23.13,140,too easy,1744320144,0.9111331503395348,5.670067287438883
73,16,lecture,66.59,533,just right,1744312881,-0.5947653823831516,-5.579211165829419
64,25,quiz,49.89,469,just right,1744293096,-0.08217440271765941,10.001571850364211
47,6,assignment,78.81,404,too easy,1744312381,-0.9692453313059697,-8.322384002225313
90,38,assignment,31.27,537,just right,1744239474,0.6844741631489426,-11.21787662944179
100,14,lecture,50.56,422,just right,1744277535,-0.8159652777898219,11.817101895835581
67,37,quiz,25.95,126,just right,1744290959,-0.8104753100445372,10.05272038793128
10,11,quiz,93.45,158,too hard,1744267813,0.7656787562378158,15.284215470775905
89,1,lecture,52.19,118,too easy,1744323681,-0.18140794294799067,3.0593564420951616
4,42,lecture,17.35,245,just right,1744243895,0.37459089456861006,15.868583322120998
30,1,lecture,27.28,436,too hard,1744253364,0.7156927404521105,-18.940865434968728
11,36,lecture,8.29,526,too hard,1744246296,-0.25104489094877613,-9.851365959998283
51,8,lecture,2.78,189,just right,1744265005,-0.4769050883942676,12.178181307096963
19,32,quiz,52.59,405,too easy,1744273105,-0.6609640132093169,-3.0536722685471887
13,33,quiz,33.71,10,too hard,1744282352,0.2142388260033583,-10.424437802351774
57,8,lecture,96.38,17,just right,1744257081,-0.495455097366333,11.845562982490865
100,14,lecture,17.13,153,too easy,1744275526,0.26857597164272273,12.890708883763288
3,24,assignment,79.39,284,too easy,1744261134,-0.36571566917690856,-1.749736786168068
78,49,quiz,31.6,296,just right,1744296073,-0.30444642144999823,-1.3362582250377528
